{
    "foreground_intensity_properties_per_channel": {
        "0": {
            "max": 11.452632904052734,
            "mean": 1.8397125005722046,
            "median": 2.202989339828491,
            "min": -2.4418787956237793,
            "percentile_00_5": -1.9254823923110962,
            "percentile_99_5": 5.066551208496094,
            "std": 1.3897799253463745
        },
        "1": {
            "max": 10.815167427062988,
            "mean": 3.522451877593994,
            "median": 3.3715453147888184,
            "min": -1.1462844610214233,
            "percentile_00_5": 0.45256632566452026,
            "percentile_99_5": 6.9184746742248535,
            "std": 1.1090384721755981
        },
        "2": {
            "max": 8.963302612304688,
            "mean": 1.9548485279083252,
            "median": 1.763189435005188,
            "min": -1.6243746280670166,
            "percentile_00_5": 0.2670391798019409,
            "percentile_99_5": 5.016310214996338,
            "std": 0.8757749795913696
        }
    },
    "median_relative_size_after_cropping": 1.0,
    "shapes_after_crop": [
        [
            182,
            218,
            182
        ],
        [
            182,
            218,
            182
        ],
        [
            182,
            218,
            182
        ],
        [
            182,
            218,
            182
        ],
        [
            182,
            218,
            182
        ],
        [
            182,
            218,
            182
        ],
        [
            182,
            218,
            182
        ],
        [
            182,
            218,
            182
        ],
        [
            182,
            218,
            182
        ],
        [
            182,
            218,
            182
        ],
        [
            182,
            218,
            182
        ],
        [
            182,
            218,
            182
        ],
        [
            182,
            218,
            182
        ],
        [
            182,
            218,
            182
        ],
        [
            182,
            218,
            182
        ],
        [
            182,
            218,
            182
        ],
        [
            182,
            218,
            182
        ],
        [
            182,
            218,
            182
        ],
        [
            182,
            218,
            182
        ],
        [
            182,
            218,
            182
        ],
        [
            182,
            218,
            182
        ],
        [
            182,
            218,
            182
        ],
        [
            182,
            218,
            182
        ],
        [
            182,
            218,
            182
        ],
        [
            182,
            218,
            182
        ],
        [
            182,
            218,
            182
        ],
        [
            182,
            218,
            182
        ],
        [
            182,
            218,
            182
        ],
        [
            182,
            218,
            182
        ],
        [
            182,
            218,
            182
        ],
        [
            182,
            218,
            182
        ],
        [
            182,
            218,
            182
        ],
        [
            182,
            218,
            182
        ],
        [
            182,
            218,
            182
        ],
        [
            182,
            218,
            182
        ],
        [
            182,
            218,
            182
        ],
        [
            182,
            218,
            182
        ],
        [
            182,
            218,
            182
        ],
        [
            182,
            218,
            182
        ],
        [
            182,
            218,
            182
        ]
    ],
    "spacings": [
        [
            1.0,
            1.0,
            1.0
        ],
        [
            1.0,
            1.0,
            1.0
        ],
        [
            1.0,
            1.0,
            1.0
        ],
        [
            1.0,
            1.0,
            1.0
        ],
        [
            1.0,
            1.0,
            1.0
        ],
        [
            1.0,
            1.0,
            1.0
        ],
        [
            1.0,
            1.0,
            1.0
        ],
        [
            1.0,
            1.0,
            1.0
        ],
        [
            1.0,
            1.0,
            1.0
        ],
        [
            1.0,
            1.0,
            1.0
        ],
        [
            1.0,
            1.0,
            1.0
        ],
        [
            1.0,
            1.0,
            1.0
        ],
        [
            1.0,
            1.0,
            1.0
        ],
        [
            1.0,
            1.0,
            1.0
        ],
        [
            1.0,
            1.0,
            1.0
        ],
        [
            1.0,
            1.0,
            1.0
        ],
        [
            1.0,
            1.0,
            1.0
        ],
        [
            1.0,
            1.0,
            1.0
        ],
        [
            1.0,
            1.0,
            1.0
        ],
        [
            1.0,
            1.0,
            1.0
        ],
        [
            1.0,
            1.0,
            1.0
        ],
        [
            1.0,
            1.0,
            1.0
        ],
        [
            1.0,
            1.0,
            1.0
        ],
        [
            1.0,
            1.0,
            1.0
        ],
        [
            1.0,
            1.0,
            1.0
        ],
        [
            1.0,
            1.0,
            1.0
        ],
        [
            1.0,
            1.0,
            1.0
        ],
        [
            1.0,
            1.0,
            1.0
        ],
        [
            1.0,
            1.0,
            1.0
        ],
        [
            1.0,
            1.0,
            1.0
        ],
        [
            1.0,
            1.0,
            1.0
        ],
        [
            1.0,
            1.0,
            1.0
        ],
        [
            1.0,
            1.0,
            1.0
        ],
        [
            1.0,
            1.0,
            1.0
        ],
        [
            1.0,
            1.0,
            1.0
        ],
        [
            1.0,
            1.0,
            1.0
        ],
        [
            1.0,
            1.0,
            1.0
        ],
        [
            1.0,
            1.0,
            1.0
        ],
        [
            1.0,
            1.0,
            1.0
        ],
        [
            1.0,
            1.0,
            1.0
        ]
    ]
}